word,count,percentage,sentiment
terrorist,1,0.02,-0.691
terrorism,3,0.05,-0.681
disaster,1,0.02,-0.625
war,3,0.05,-0.599
negative,3,0.05,-0.572
disasters,6,0.11,-0.557
fail,2,0.04,-0.542
harm,6,0.11,-0.542
suffer,2,0.04,-0.542
violated,1,0.02,-0.527
violations,2,0.04,-0.527
failing,1,0.02,-0.511
punitive,1,0.02,-0.511
failure,11,0.19,-0.511
worsen,1,0.02,-0.511
damage,2,0.04,-0.494
violation,2,0.04,-0.494
violate,1,0.02,-0.494
poor,3,0.05,-0.477
gross,6,0.11,-0.477
accident,1,0.02,-0.477
infringement,3,0.05,-0.477
failures,6,0.11,-0.459
banned,1,0.02,-0.459
unemployment,1,0.02,-0.44
damages,3,0.05,-0.44
attacks,10,0.18,-0.44
recession,1,0.02,-0.421
waste,1,0.02,-0.421
weaken,1,0.02,-0.421
injury,1,0.02,-0.421
fails,4,0.07,-0.421
error,2,0.04,-0.402
inadequate,2,0.04,-0.402
losses,11,0.19,-0.402
inability,1,0.02,-0.402
interruptions,3,0.05,-0.402
problems,2,0.04,-0.402
defects,7,0.12,-0.402
tensions,1,0.02,-0.402
lose,2,0.04,-0.402
severe,3,0.05,-0.382
hostile,1,0.02,-0.382
unsecured,1,0.02,-0.382
restrict,1,0.02,-0.382
dissatisfied,1,0.02,-0.382
conflicts,1,0.02,-0.382
disagree,1,0.02,-0.382
distraction,1,0.02,-0.382
adverse,21,0.37,-0.361
disruption,1,0.02,-0.361
debt,1,0.02,-0.361
suspicious,1,0.02,-0.361
interruption,3,0.05,-0.361
difficult,2,0.04,-0.361
errors,1,0.02,-0.34
disruptions,9,0.16,-0.34
uncertainties,5,0.09,-0.34
uncertainty,4,0.07,-0.34
fire,1,0.02,-0.34
defect,2,0.04,-0.34
disruptive,2,0.04,-0.318
accidents,6,0.11,-0.318
faulty,1,0.02,-0.318
lost,2,0.04,-0.318
delay,3,0.05,-0.318
weakening,1,0.02,-0.318
anti,1,0.02,-0.318
loss,9,0.16,-0.318
pressures,3,0.05,-0.318
conflict,2,0.04,-0.318
critical,3,0.05,-0.318
aggressively,1,0.02,-0.318
uncertain,2,0.04,-0.296
lower,4,0.07,-0.296
avoid,2,0.04,-0.296
obsolete,1,0.02,-0.296
stop,1,0.02,-0.296
pressure,2,0.04,-0.296
risks,23,0.41,-0.273
disputes,7,0.12,-0.273
cut,1,0.02,-0.273
charges,3,0.05,-0.273
low,1,0.02,-0.273
limited,4,0.07,-0.226
delayed,3,0.05,-0.226
vulnerable,1,0.02,-0.226
adversely,54,0.95,-0.202
liability,4,0.07,-0.202
liabilities,6,0.11,-0.202
litigation,13,0.23,-0.202
risky,1,0.02,-0.202
affected,21,0.37,-0.153
aggressive,2,0.04,-0.153
expose,2,0.04,-0.153
shortages,5,0.09,-0.153
exposes,2,0.04,-0.128
demand,21,0.37,-0.128
lowered,1,0.02,-0.128
ineffective,1,0.02,-0.128
constrained,1,0.02,-0.103
costly,1,0.02,-0.103
imposing,2,0.04,-0.103
exposed,8,0.14,-0.077
serious,1,0.02,-0.077
imposed,1,0.02,-0.077
preventing,2,0.04,-0.026
investment,6,0.11,0.0
incremental,1,0.02,0.0
placement,1,0.02,0.0
return,2,0.04,0.0
displays,1,0.02,0.0
company,406,7.16,0.0
subsidies,1,0.02,0.0
selected,1,0.02,0.0
retailers,3,0.05,0.0
resellers,8,0.14,0.0
sells,2,0.04,0.0
resells,1,0.02,0.0
directly,2,0.04,0.0
mid,2,0.04,0.0
sized,2,0.04,0.0
education,2,0.04,0.0
enterprise,2,0.04,0.0
government,12,0.21,0.0
retail,8,0.14,0.0
contractors,2,0.04,0.0
online,2,0.04,0.0
force,1,0.02,0.0
financing,2,0.04,0.0
installment,1,0.02,0.0
payment,7,0.12,0.0
plans,1,0.02,0.0
distributing,1,0.02,0.0
device,1,0.02,0.0
invest,2,0.04,0.0
programs,3,0.05,0.0
reseller,1,0.02,0.0
staffing,1,0.02,0.0
stores,4,0.07,0.0
cause,3,0.05,0.0
planning,1,0.02,0.0
dependent,1,0.02,0.0
detection,1,0.02,0.0
circumvent,1,0.02,0.0
techniques,1,0.02,0.0
tools,1,0.02,0.0
actors,1,0.02,0.0
sophistication,1,0.02,0.0
remove,1,0.02,0.0
frequency,1,0.02,0.0
globally,1,0.02,0.0
against,11,0.19,0.0
judgments,1,0.02,0.0
penalties,4,0.07,0.0
impair,1,0.02,0.0
normal,1,0.02,0.0
accelerating,1,0.02,0.0
obfuscate,1,0.02,0.0
forensic,1,0.02,0.0
evidence,1,0.02,0.0
malfeasance,1,0.02,0.0
hacking,1,0.02,0.0
authentication,2,0.04,0.0
sensitive,3,0.05,0.0
implemented,2,0.04,0.0
processes,2,0.04,0.0
owns,1,0.02,0.0
profile,1,0.02,0.0
targeted,1,0.02,0.0
perpetrated,1,0.02,0.0
diplomatic,1,0.02,0.0
during,2,0.04,0.0
recover,1,0.02,0.0
investigate,1,0.02,0.0
hinders,1,0.02,0.0
confidentiality,1,0.02,0.0
compromise,1,0.02,0.0
basis,2,0.04,0.0
regular,1,0.02,0.0
among,5,0.09,0.0
eventualities,2,0.04,0.0
wholesalers,3,0.05,0.0
vendors,5,0.09,0.0
continuity,2,0.04,0.0
redundancy,1,0.02,0.0
upgrades,1,0.02,0.0
incidents,3,0.05,0.0
ins,1,0.02,0.0
break,1,0.02,0.0
electronic,2,0.04,0.0
physical,1,0.02,0.0
viruses,1,0.02,0.0
telecommunications,2,0.04,0.0
caused,1,0.02,0.0
things,3,0.05,0.0
ordering,1,0.02,0.0
interfering,1,0.02,0.0
impeding,1,0.02,0.0
attempts,1,0.02,0.0
always,1,0.02,0.0
behalf,1,0.02,0.0
accessible,1,0.02,0.0
steps,1,0.02,0.0
takes,1,0.02,0.0
malicious,4,0.07,0.0
absolute,1,0.02,0.0
cannot,2,0.04,0.0
encryption,2,0.04,0.0
reputational,3,0.05,0.0
confidential,9,0.16,0.0
releases,3,0.05,0.0
unauthorized,7,0.12,0.0
shipping,1,0.02,0.0
transactions,3,0.05,0.0
retain,2,0.04,0.0
manner,2,0.04,0.0
driver,1,0.02,0.0
buy,1,0.02,0.0
choose,2,0.04,0.0
maintained,1,0.02,0.0
developed,1,0.02,0.0
cease,1,0.02,0.0
decisions,1,0.02,0.0
otherwise,6,0.11,0.0
perception,1,0.02,0.0
selling,1,0.02,0.0
right,3,0.05,0.0
obtained,4,0.07,0.0
practice,1,0.02,0.0
based,3,0.05,0.0
notified,1,0.02,0.0
others,2,0.04,0.0
rights,5,0.09,0.0
preclude,1,0.02,0.0
unknowingly,1,0.02,0.0
relative,4,0.07,0.0
maintaining,1,0.02,0.0
inclined,2,0.04,0.0
less,1,0.02,0.0
generated,1,0.02,0.0
revenue,5,0.09,0.0
position,1,0.02,0.0
gaming,1,0.02,0.0
xbox,1,0.02,0.0
developing,4,0.07,0.0
nintendo,1,0.02,0.0
computers,1,0.02,0.0
windows,1,0.02,0.0
tablets,2,0.04,0.0
smartphones,1,0.02,0.0
android,1,0.02,0.0
compared,2,0.04,0.0
upgrading,2,0.04,0.0
playstation,1,0.02,0.0
issuance,1,0.02,0.0
rate,4,0.07,0.0
patent,4,0.07,0.0
unpredictable,1,0.02,0.0
given,3,0.05,0.0
impairments,1,0.02,0.0
fees,3,0.05,0.0
incur,5,0.09,0.0
carrying,1,0.02,0.0
amount,2,0.04,0.0
pace,2,0.04,0.0
equal,1,0.02,0.0
determines,1,0.02,0.0
recoverable,2,0.04,0.0
indicate,1,0.02,0.0
circumstances,3,0.05,0.0
whenever,1,0.02,0.0
impairment,3,0.05,0.0
capital,3,0.05,0.0
occurred,1,0.02,0.0
obsolescence,1,0.02,0.0
builds,1,0.02,0.0
announcements,1,0.02,0.0
extensive,1,0.02,0.0
licenses,3,0.05,0.0
requires,4,0.07,0.0
owned,1,0.02,0.0
designed,4,0.07,0.0
access,14,0.25,0.0
firm,1,0.02,0.0
fully,4,0.07,0.0
amounts,4,0.07,0.0
produce,2,0.04,0.0
order,1,0.02,0.0
incorrectly,2,0.04,0.0
forecast,1,0.02,0.0
days,1,0.02,0.0
typically,1,0.02,0.0
forecasted,1,0.02,0.0
obligations,6,0.11,0.0
upgrade,1,0.02,0.0
focus,1,0.02,0.0
efforts,3,0.05,0.0
competing,2,0.04,0.0
subscribers,1,0.02,0.0
increasing,5,0.09,0.0
produces,1,0.02,0.0
rules,5,0.09,0.0
usage,1,0.02,0.0
owners,1,0.02,0.0
license,3,0.05,0.0
appeal,1,0.02,0.0
renewal,1,0.02,0.0
relatively,2,0.04,0.0
licensing,2,0.04,0.0
specific,3,0.05,0.0
incorporate,1,0.02,0.0
subscriptions,1,0.02,0.0
includes,1,0.02,0.0
contracts,2,0.04,0.0
continuation,1,0.02,0.0
password,1,0.02,0.0
largely,1,0.02,0.0
team,3,0.05,0.0
operational,2,0.04,0.0
constantly,1,0.02,0.0
workforce,2,0.04,0.0
valley,1,0.02,0.0
silicon,1,0.02,0.0
especially,1,0.02,0.0
officer,1,0.02,0.0
executive,2,0.04,0.0
chief,1,0.02,0.0
culture,4,0.07,0.0
inclusive,2,0.04,0.0
distinctive,2,0.04,0.0
personnel,4,0.07,0.0
key,3,0.05,0.0
employees,8,0.14,0.0
skilled,3,0.05,0.0
members,2,0.04,0.0
appeals,1,0.02,0.0
recruit,1,0.02,0.0
eliminated,1,0.02,0.0
narrowed,1,0.02,0.0
european,1,0.02,0.0
impacting,3,0.05,0.0
initiatives,7,0.12,0.0
legislative,2,0.04,0.0
taken,2,0.04,0.0
initiated,1,0.02,0.0
commission,3,0.05,0.0
union,1,0.02,0.0
retains,2,0.04,0.0
vast,1,0.02,0.0
store,18,0.32,0.0
app,16,0.28,0.0
distributes,3,0.05,0.0
operate,1,0.02,0.0
keep,2,0.04,0.0
systems,8,0.14,0.0
generate,1,0.02,0.0
act,2,0.04,0.0
comply,6,0.11,0.0
march,2,0.04,0.0
decrease,1,0.02,0.0
earns,3,0.05,0.0
volume,2,0.04,0.0
inside,2,0.04,0.0
allows,2,0.04,0.0
extent,3,0.05,0.0
apps,2,0.04,0.0
manages,3,0.05,0.0
mechanisms,4,0.07,0.0
purchasing,4,0.07,0.0
regarding,7,0.12,0.0
communicate,4,0.07,0.0
included,2,0.04,0.0
practices,6,0.11,0.0
resulted,2,0.04,0.0
relating,10,0.18,0.0
investigations,16,0.28,0.0
scope,1,0.02,0.0
irregularities,1,0.02,0.0
approvals,1,0.02,0.0
induce,1,0.02,0.0
acquiring,1,0.02,0.0
compressed,1,0.02,0.0
segments,1,0.02,0.0
geographic,2,0.04,0.0
vary,2,0.04,0.0
fluctuate,2,0.04,0.0
quarterly,2,0.04,0.0
cards,1,0.02,0.0
follow,2,0.04,0.0
compromised,1,0.02,0.0
potentially,2,0.04,0.0
cardholder,1,0.02,0.0
card,5,0.09,0.0
investigatory,2,0.04,0.0
liable,2,0.04,0.0
delivering,1,0.02,0.0
shifts,1,0.02,0.0
mix,3,0.05,0.0
modify,1,0.02,0.0
denominated,5,0.09,0.0
relates,1,0.02,0.0
movements,2,0.04,0.0
exposure,4,0.07,0.0
primary,1,0.02,0.0
currencies,5,0.09,0.0
local,1,0.02,0.0
healthcare,1,0.02,0.0
dollar,7,0.12,0.0
unexpected,1,0.02,0.0
generates,1,0.02,0.0
seasonal,1,0.02,0.0
year,1,0.02,0.0
quarters,1,0.02,0.0
quarter,1,0.02,0.0
historically,1,0.02,0.0
developments,1,0.02,0.0
affects,1,0.02,0.0
law,1,0.02,0.0
handled,1,0.02,0.0
passed,1,0.02,0.0
subsidiaries,2,0.04,0.0
transfers,1,0.02,0.0
cases,1,0.02,0.0
transfer,2,0.04,0.0
retention,3,0.05,0.0
collection,2,0.04,0.0
connection,1,0.02,0.0
search,1,0.02,0.0
findings,1,0.02,0.0
aggregate,2,0.04,0.0
individually,2,0.04,0.0
world,1,0.02,0.0
regulation,1,0.02,0.0
scrutiny,1,0.02,0.0
area,1,0.02,0.0
considering,1,0.02,0.0
pending,1,0.02,0.0
inconsistent,1,0.02,0.0
adequately,1,0.02,0.0
authorities,2,0.04,0.0
notification,1,0.02,0.0
breach,1,0.02,0.0
biometric,1,0.02,0.0
audit,2,0.04,0.0
entities,1,0.02,0.0
permitted,1,0.02,0.0
governmental,3,0.05,0.0
notices,1,0.02,0.0
disclosure,1,0.02,0.0
noncompliance,1,0.02,0.0
causes,1,0.02,0.0
emerging,1,0.02,0.0
complying,1,0.02,0.0
jurisdiction,2,0.04,0.0
inquiries,1,0.02,0.0
earnings,3,0.05,0.0
leads,1,0.02,0.0
raise,2,0.04,0.0
owed,1,0.02,0.0
ultimate,1,0.02,0.0
provision,1,0.02,0.0
adequacy,1,0.02,0.0
determine,1,0.02,0.0
examinations,2,0.04,0.0
likelihood,1,0.02,0.0
assesses,1,0.02,0.0
regularly,1,0.02,0.0
bodies,1,0.02,0.0
internal,1,0.02,0.0
examination,1,0.02,0.0
interpretations,1,0.02,0.0
judgment,1,0.02,0.0
interpretation,1,0.02,0.0
previously,1,0.02,0.0
accrued,1,0.02,0.0
extreme,1,0.02,0.0
ways,1,0.02,0.0
acquire,1,0.02,0.0
obligate,1,0.02,0.0
directors,1,0.02,0.0
board,1,0.02,0.0
declaration,1,0.02,0.0
dividends,2,0.04,0.0
consummated,1,0.02,0.0
deferred,1,0.02,0.0
program,2,0.04,0.0
grow,1,0.02,0.0
dividend,1,0.02,0.0
reflect,2,0.04,0.0
point,1,0.02,0.0
repurchases,2,0.04,0.0
average,1,0.02,0.0
unrelated,1,0.02,0.0
repurchase,2,0.04,0.0
valuation,1,0.02,0.0
statutory,1,0.02,0.0
differing,2,0.04,0.0
receivable,1,0.02,0.0
realized,1,0.02,0.0
marketable,2,0.04,0.0
equivalents,2,0.04,0.0
sovereign,1,0.02,0.0
deterioration,1,0.02,0.0
portfolio,1,0.02,0.0
vendor,4,0.07,0.0
hedges,1,0.02,0.0
hedging,1,0.02,0.0
exposures,1,0.02,0.0
hedge,1,0.02,0.0
option,1,0.02,0.0
conversely,1,0.02,0.0
offset,2,0.04,0.0
reducing,1,0.02,0.0
activities,1,0.02,0.0
instances,1,0.02,0.0
heightened,1,0.02,0.0
collateral,1,0.02,0.0
minimum,1,0.02,0.0
modernizing,1,0.02,0.0
proposals,1,0.02,0.0
organisation,1,0.02,0.0
organized,1,0.02,0.0
singapore,1,0.02,0.0
ireland,1,0.02,0.0
covered,1,0.02,0.0
taxes,6,0.11,0.0
monitor,1,0.02,0.0
individual,1,0.02,0.0
september,1,0.02,0.0
assemble,1,0.02,0.0
subassemblies,1,0.02,0.0
concentrated,2,0.04,0.0
bank,1,0.02,0.0
legislation,1,0.02,0.0
fraudulently,1,0.02,0.0
stakeholder,1,0.02,0.0
state,3,0.05,0.0
assert,1,0.02,0.0
holding,1,0.02,0.0
frameworks,1,0.02,0.0
enabled,1,0.02,0.0
continues,2,0.04,0.0
faced,1,0.02,0.0
magnitude,1,0.02,0.0
alleged,1,0.02,0.0
involving,1,0.02,0.0
indemnified,2,0.04,0.0
claim,2,0.04,0.0
indemnification,1,0.02,0.0
sometimes,1,0.02,0.0
course,1,0.02,0.0
ordinary,1,0.02,0.0
royalties,1,0.02,0.0
enter,2,0.04,0.0
allegations,1,0.02,0.0
defending,2,0.04,0.0
least,1,0.02,0.0
opinion,1,0.02,0.0
concentrations,1,0.02,0.0
contingencies,3,0.05,0.0
heading,2,0.04,0.0
settle,1,0.02,0.0
considerations,4,0.07,0.0
arisen,1,0.02,0.0
recognition,1,0.02,0.0
regardless,1,0.02,0.0
injunctions,1,0.02,0.0
plaintiffs,1,0.02,0.0
internationally,1,0.02,0.0
jurisdictions,8,0.14,0.0
several,2,0.04,0.0
courts,1,0.02,0.0
responding,2,0.04,0.0
possibility,1,0.02,0.0
proceedings,10,0.18,0.0
compliance,4,0.07,0.0
aspects,1,0.02,0.0
address,1,0.02,0.0
impede,1,0.02,0.0
accounts,2,0.04,0.0
activity,2,0.04,0.0
unusual,1,0.02,0.0
monitors,1,0.02,0.0
multifactor,1,0.02,0.0
makes,3,0.05,0.0
deploys,1,0.02,0.0
used,1,0.02,0.0
turn,1,0.02,0.0
passwords,1,0.02,0.0
usernames,1,0.02,0.0
disclosing,1,0.02,0.0
strategies,2,0.04,0.0
acquisitions,2,0.04,0.0
ongoing,2,0.04,0.0
present,1,0.02,0.0
leases,1,0.02,0.0
construction,1,0.02,0.0
general,2,0.04,0.0
pose,1,0.02,0.0
inherently,2,0.04,0.0
ventures,1,0.02,0.0
realize,1,0.02,0.0
unfavorable,2,0.04,0.0
transaction,3,0.05,0.0
onerous,2,0.04,0.0
lived,1,0.02,0.0
acquisition,1,0.02,0.0
tangible,1,0.02,0.0
endeavors,1,0.02,0.0
contemplated,1,0.02,0.0
originally,1,0.02,0.0
completing,1,0.02,0.0
incurred,1,0.02,0.0
recorded,1,0.02,0.0
accrual,1,0.02,0.0
governance,5,0.09,0.0
social,5,0.09,0.0
importation,1,0.02,0.0
prohibited,1,0.02,0.0
place,2,0.04,0.0
found,1,0.02,0.0
agents,1,0.02,0.0
applicable,2,0.04,0.0
procedures,6,0.11,0.0
policies,5,0.09,0.0
interpreted,1,0.02,0.0
requiring,1,0.02,0.0
feature,1,0.02,0.0
recycling,1,0.02,0.0
tax,17,0.3,0.0
regulators,1,0.02,0.0
stakeholders,2,0.04,0.0
increasingly,1,0.02,0.0
greenhouse,1,0.02,0.0
federal,3,0.05,0.0
perceived,1,0.02,0.0
involves,1,0.02,0.0
implementation,1,0.02,0.0
press,2,0.04,0.0
website,2,0.04,0.0
reports,1,0.02,0.0
laundering,1,0.02,0.0
non,7,0.12,0.0
inclusion,1,0.02,0.0
equity,1,0.02,0.0
diversity,1,0.02,0.0
civil,1,0.02,0.0
human,1,0.02,0.0
emissions,1,0.02,0.0
gas,1,0.02,0.0
goals,5,0.09,0.0
money,1,0.02,0.0
repatriation,1,0.02,0.0
cash,6,0.11,0.0
antitrust,2,0.04,0.0
subjects,1,0.02,0.0
worldwide,2,0.04,0.0
regulations,14,0.25,0.0
laws,24,0.42,0.0
injunctive,1,0.02,0.0
corporate,1,0.02,0.0
privacy,6,0.11,0.0
remedial,1,0.02,0.0
trebled,1,0.02,0.0
compensatory,1,0.02,0.0
period,3,0.05,0.0
reporting,3,0.05,0.0
outcome,4,0.07,0.0
asserted,1,0.02,0.0
concerning,1,0.02,0.0
disgorgement,1,0.02,0.0
varied,1,0.02,0.0
localization,1,0.02,0.0
billing,1,0.02,0.0
exchange,6,0.11,0.0
foreign,18,0.32,0.0
export,2,0.04,0.0
import,2,0.04,0.0
anticorruption,1,0.02,0.0
employment,1,0.02,0.0
film,1,0.02,0.0
advertising,1,0.02,0.0
television,1,0.02,0.0
communications,2,0.04,0.0
mobile,1,0.02,0.0
internet,1,0.02,0.0
artificial,1,0.02,0.0
learning,1,0.02,0.0
machine,1,0.02,0.0
ownership,2,0.04,0.0
media,2,0.04,0.0
reviews,1,0.02,0.0
records,2,0.04,0.0
orders,3,0.05,0.0
acts,2,0.04,0.0
plant,2,0.04,0.0
nuclear,1,0.02,0.0
power,3,0.05,0.0
subject,40,0.7,0.0
earthquakes,1,0.02,0.0
prone,1,0.02,0.0
locations,4,0.07,0.0
many,12,0.21,0.0
surrounding,1,0.02,0.0
escalate,2,0.04,0.0
further,10,0.18,0.0
led,1,0.02,0.0
governments,3,0.05,0.0
example,9,0.16,0.0
ransomware,4,0.07,0.0
mitigate,4,0.07,0.0
cybersecurity,2,0.04,0.0
pandemics,2,0.04,0.0
make,9,0.16,0.0
effects,5,0.09,0.0
frequently,3,0.05,0.0
occurring,1,0.02,0.0
wildfires,1,0.02,0.0
hurricanes,1,0.02,0.0
floods,1,0.02,0.0
droughts,1,0.02,0.0
types,6,0.11,0.0
resulting,5,0.09,0.0
change,12,0.21,0.0
climate,3,0.05,0.0
control,4,0.07,0.0
pandemic,2,0.04,0.0
covid,2,0.04,0.0
labor,3,0.05,0.0
able,7,0.12,0.0
notice,2,0.04,0.0
advance,4,0.07,0.0
countries,5,0.09,0.0
apply,2,0.04,0.0
measures,11,0.19,0.0
restrictive,3,0.05,0.0
particularly,2,0.04,0.0
distribute,3,0.05,0.0
offer,14,0.25,0.0
limit,7,0.12,0.0
technology,15,0.26,0.0
goods,4,0.07,0.0
exports,1,0.02,0.0
imports,1,0.02,0.0
controls,3,0.05,0.0
tariffs,2,0.04,0.0
restrictions,7,0.12,0.0
regions,3,0.05,0.0
derives,1,0.02,0.0
portion,4,0.07,0.0
revenues,1,0.02,0.0
little,4,0.07,0.0
announced,3,0.05,0.0
consuming,2,0.04,0.0
expensive,3,0.05,0.0
changed,1,0.02,0.0
accordance,1,0.02,0.0
platforms,8,0.14,0.0
impossible,2,0.04,0.0
applications,20,0.35,0.0
relationships,6,0.11,0.0
restructuring,1,0.02,0.0
changing,10,0.18,0.0
actions,10,0.18,0.0
various,8,0.14,0.0
take,4,0.07,0.0
require,10,0.18,0.0
ceasing,1,0.02,0.0
manufacture,4,0.07,0.0
deliver,2,0.04,0.0
delays,3,0.05,0.0
offered,2,0.04,0.0
compete,5,0.09,0.0
unable,5,0.09,0.0
technological,4,0.07,0.0
rapid,6,0.11,0.0
highly,6,0.11,0.0
markets,13,0.23,0.0
arise,5,0.09,0.0
cover,4,0.07,0.0
insufficient,4,0.07,0.0
coverage,7,0.12,0.0
insurance,7,0.12,0.0
maintains,3,0.05,0.0
development,4,0.07,0.0
ramps,1,0.02,0.0
characterized,1,0.02,0.0
competition,12,0.21,0.0
excess,3,0.05,0.0
margins,9,0.16,0.0
depends,9,0.16,0.0
businesses,5,0.09,0.0
consumers,6,0.11,0.0
sensitivity,1,0.02,0.0
competitors,11,0.19,0.0
advancements,1,0.02,0.0
adoption,2,0.04,0.0
production,4,0.07,0.0
characteristics,1,0.02,0.0
standards,5,0.09,0.0
evolving,3,0.05,0.0
cycles,2,0.04,0.0
product,34,0.6,0.0
short,2,0.04,0.0
introduction,5,0.09,0.0
frequent,2,0.04,0.0
continual,1,0.02,0.0
vietnam,2,0.04,0.0
existing,5,0.09,0.0
current,5,0.09,0.0
components,27,0.48,0.0
sources,4,0.07,0.0
single,5,0.09,0.0
relies,6,0.11,0.0
resume,1,0.02,0.0
expenditures,1,0.02,0.0
experience,9,0.16,0.0
recovery,2,0.04,0.0
areas,1,0.02,0.0
negatively,4,0.07,0.0
offerings,5,0.09,0.0
service,15,0.26,0.0
outages,2,0.04,0.0
slowdowns,2,0.04,0.0
inefficiencies,1,0.02,0.0
exacerbate,1,0.02,0.0
consequences,2,0.04,0.0
required,8,0.14,0.0
maintain,4,0.07,0.0
channels,2,0.04,0.0
distribution,7,0.12,0.0
movement,1,0.02,0.0
freight,1,0.02,0.0
travel,1,0.02,0.0
employee,3,0.05,0.0
stringent,1,0.02,0.0
offering,1,0.02,0.0
protective,1,0.02,0.0
due,6,0.11,0.0
major,2,0.04,0.0
life,3,0.05,0.0
injuries,1,0.02,0.0
occur,6,0.11,0.0
environments,1,0.02,0.0
working,2,0.04,0.0
imposition,2,0.04,0.0
taiwan,2,0.04,0.0
korea,2,0.04,0.0
south,2,0.04,0.0
international,20,0.35,0.0
affect,39,0.69,0.0
conditions,18,0.32,0.0
economic,15,0.26,0.0
regional,5,0.09,0.0
global,20,0.35,0.0
significantly,9,0.16,0.0
depend,6,0.11,0.0
industry,13,0.23,0.0
macroeconomic,4,0.07,0.0
form,3,0.05,0.0
data,21,0.37,0.0
supplementary,1,0.02,0.0
accompanying,1,0.02,0.0
consolidated,2,0.04,0.0
sales,30,0.53,0.0
outside,10,0.18,0.0
representing,2,0.04,0.0
majority,5,0.09,0.0
high,4,0.07,0.0
slow,1,0.02,0.0
result,26,0.46,0.0
located,7,0.12,0.0
sites,1,0.02,0.0
assembly,2,0.04,0.0
manufacturing,17,0.3,0.0
analysis,3,0.05,0.0
facilities,4,0.07,0.0
complex,5,0.09,0.0
large,3,0.05,0.0
chain,8,0.14,0.0
supply,27,0.48,0.0
addition,18,0.32,0.0
net,8,0.14,0.0
total,2,0.04,0.0
supplier,5,0.09,0.0
inflation,2,0.04,0.0
management,8,0.14,0.0
read,1,0.02,0.0
materialize,1,0.02,0.0
below,1,0.02,0.0
described,3,0.05,0.0
including,42,0.74,0.0
unknown,1,0.02,0.0
known,1,0.02,0.0
currently,10,0.18,0.0
price,19,0.33,0.0
stock,15,0.26,0.0
condition,37,0.65,0.0
financial,60,1.06,0.0
operations,59,1.04,0.0
results,41,0.72,0.0
reputation,21,0.37,0.0
business,79,1.39,0.0
time,36,0.63,0.0
materially,41,0.72,0.0
affecting,4,0.07,0.0
past,5,0.09,0.0
statements,10,0.18,0.0
looking,1,0.02,0.0
forward,2,0.04,0.0
contains,1,0.02,0.0
discussion,2,0.04,0.0
periods,5,0.09,0.0
anticipate,1,0.02,0.0
conjunction,1,0.02,0.0
trends,2,0.04,0.0
use,11,0.19,0.0
investors,2,0.04,0.0
future,32,0.56,0.0
indicator,1,0.02,0.0
reliable,1,0.02,0.0
considered,2,0.04,0.0
performance,13,0.23,0.0
historical,1,0.02,0.0
heavily,1,0.02,0.0
tighter,1,0.02,0.0
rates,10,0.18,0.0
public,8,0.14,0.0
events,7,0.12,0.0
political,8,0.14,0.0
impacted,4,0.07,0.0
impacts,4,0.07,0.0
instruments,3,0.05,0.0
liquidity,3,0.05,0.0
reduced,5,0.09,0.0
new,36,0.63,0.0
issue,1,0.02,0.0
limitations,2,0.04,0.0
institutions,2,0.04,0.0
counterparties,1,0.02,0.0
derivative,3,0.05,0.0
receivables,8,0.14,0.0
health,11,0.19,0.0
issues,11,0.19,0.0
industrial,5,0.09,0.0
disrupt,4,0.07,0.0
japan,2,0.04,0.0
india,2,0.04,0.0
mainland,2,0.04,0.0
china,3,0.05,0.0
primarily,5,0.09,0.0
outsourcing,10,0.18,0.0
whole,3,0.05,0.0
trade,18,0.32,0.0
performed,4,0.07,0.0
generally,7,0.12,0.0
believes,8,0.14,0.0
customers,19,0.33,0.0
effect,4,0.07,0.0
material,7,0.12,0.0
economy,2,0.04,0.0
commerce,2,0.04,0.0
substantially,5,0.09,0.0
higher,4,0.07,0.0
collectibility,2,0.04,0.0
insolvency,1,0.02,0.0
declines,2,0.04,0.0
volatility,5,0.09,0.0
market,14,0.25,0.0
policy,2,0.04,0.0
monetary,2,0.04,0.0
fiscal,2,0.04,0.0
changes,30,0.53,0.0
response,5,0.09,0.0
services,74,1.3,0.0
products,99,1.74,0.0
spending,4,0.07,0.0
consumer,7,0.12,0.0
impact,20,0.35,0.0
fluctuations,10,0.18,0.0
currency,7,0.12,0.0
income,3,0.05,0.0
decline,3,0.05,0.0
suppliers,16,0.28,0.0
contract,4,0.07,0.0
finance,1,0.02,0.0
obtain,12,0.21,0.0
instability,1,0.02,0.0
include,6,0.11,0.0
outcomes,2,0.04,0.0
potential,5,0.09,0.0
developers,14,0.25,0.0
lead,2,0.04,0.0
partners,17,0.3,0.0
carriers,7,0.12,0.0
network,10,0.18,0.0
cellular,7,0.12,0.0
distributors,4,0.07,0.0
providers,5,0.09,0.0
logistics,5,0.09,0.0
manufacturers,4,0.07,0.0
channel,3,0.05,0.0
continuing,1,0.02,0.0
downward,2,0.04,0.0
provided,6,0.11,0.0
destinations,1,0.02,0.0
transit,1,0.02,0.0
finished,2,0.04,0.0
perform,1,0.02,0.0
final,3,0.05,0.0
europe,2,0.04,0.0
asia,3,0.05,0.0
source,4,0.07,0.0
conduct,2,0.04,0.0
code,2,0.04,0.0
adhere,2,0.04,0.0
unanticipated,1,0.02,0.0
experiences,3,0.05,0.0
event,2,0.04,0.0
warranty,4,0.07,0.0
disrupted,1,0.02,0.0
remains,2,0.04,0.0
variety,4,0.07,0.0
man,1,0.02,0.0
recoverability,1,0.02,0.0
terminated,1,0.02,0.0
continued,7,0.12,0.0
term,5,0.09,0.0
long,6,0.11,0.0
prepayments,8,0.14,0.0
held,2,0.04,0.0
equipment,3,0.05,0.0
process,3,0.05,0.0
invested,3,0.05,0.0
environmental,8,0.14,0.0
armed,2,0.04,0.0
commercial,4,0.07,0.0
information,27,0.48,0.0
made,5,0.09,0.0
reasons,3,0.05,0.0
upon,1,0.02,0.0
reimbursement,1,0.02,0.0
provisions,2,0.04,0.0
component,6,0.11,0.0
deficiencies,1,0.02,0.0
quality,7,0.12,0.0
meet,5,0.09,0.0
costs,14,0.25,0.0
quantities,6,0.11,0.0
appropriate,1,0.02,0.0
anticipated,7,0.12,0.0
line,1,0.02,0.0
levels,2,0.04,0.0
inventory,9,0.16,0.0
purchase,6,0.11,0.0
application,3,0.05,0.0
availability,11,0.19,0.0
ramp,1,0.02,0.0
logistical,1,0.02,0.0
expense,1,0.02,0.0
timely,4,0.07,0.0
small,3,0.05,0.0
contain,1,0.02,0.0
respond,1,0.02,0.0
manufactured,1,0.02,0.0
quantity,1,0.02,0.0
diminished,1,0.02,0.0
direct,2,0.04,0.0
reduce,4,0.07,0.0
arrangements,9,0.16,0.0
transportation,1,0.02,0.0
much,3,0.05,0.0
outsourced,1,0.02,0.0
involve,2,0.04,0.0
considerable,1,0.02,0.0
additions,1,0.02,0.0
often,4,0.07,0.0
concentration,1,0.02,0.0
associated,9,0.16,0.0
sufficient,7,0.12,0.0
reasonable,13,0.23,0.0
recalls,1,0.02,0.0
claims,12,0.21,0.0
widespread,1,0.02,0.0
fix,1,0.02,0.0
detect,1,0.02,0.0
expectations,8,0.14,0.0
specialized,2,0.04,0.0
introduced,2,0.04,0.0
unsafe,1,0.02,0.0
purchases,3,0.05,0.0
operation,3,0.05,0.0
intended,4,0.07,0.0
interfere,1,0.02,0.0
unexpectedly,1,0.02,0.0
offers,3,0.05,0.0
replacements,1,0.02,0.0
alternative,5,0.09,0.0
modifications,1,0.02,0.0
offs,2,0.04,0.0
reserves,1,0.02,0.0
fee,1,0.02,0.0
necessary,2,0.04,0.0
accrues,1,0.02,0.0
realizable,1,0.02,0.0
exceeds,2,0.04,0.0
exceed,2,0.04,0.0
become,2,0.04,0.0
inventories,1,0.02,0.0
cancellation,2,0.04,0.0
downs,2,0.04,0.0
fines,5,0.09,0.0
regulatory,12,0.21,0.0
expenses,7,0.12,0.0
intangible,2,0.04,0.0
write,6,0.11,0.0
commercially,10,0.18,0.0
identify,2,0.04,0.0
completed,1,0.02,0.0
increases,2,0.04,0.0
limiting,3,0.05,0.0
particular,2,0.04,0.0
consolidation,1,0.02,0.0
similar,2,0.04,0.0
renew,2,0.04,0.0
into,8,0.14,0.0
entered,2,0.04,0.0
semiconductor,1,0.02,0.0
commodity,1,0.02,0.0
wide,3,0.05,0.0
times,1,0.02,0.0
multiple,1,0.02,0.0
obtains,1,0.02,0.0
terms,12,0.21,0.0
utilize,2,0.04,0.0
depending,1,0.02,0.0
custom,1,0.02,0.0
initial,1,0.02,0.0
shipments,2,0.04,0.0
partner,1,0.02,0.0
requirements,11,0.19,0.0
customized,1,0.02,0.0
instead,1,0.02,0.0
common,1,0.02,0.0
concentrate,1,0.02,0.0
decide,2,0.04,0.0
capacities,1,0.02,0.0
matured,1,0.02,0.0
yields,1,0.02,0.0
until,1,0.02,0.0
exist,2,0.04,0.0
constraints,2,0.04,0.0
capacity,1,0.02,0.0
uses,2,0.04,0.0
transition,1,0.02,0.0
investor,1,0.02,0.0
content,19,0.33,0.0
numerous,4,0.07,0.0
smartphone,2,0.04,0.0
personal,11,0.19,0.0
computer,3,0.05,0.0
upgraded,2,0.04,0.0
tablet,2,0.04,0.0
system,8,0.14,0.0
faces,2,0.04,0.0
companies,9,0.16,0.0
operating,10,0.18,0.0
technical,2,0.04,0.0
marketing,2,0.04,0.0
resources,6,0.11,0.0
established,2,0.04,0.0
digital,12,0.21,0.0
patents,6,0.11,0.0
broader,1,0.02,0.0
lines,1,0.02,0.0
priced,1,0.02,0.0
larger,2,0.04,0.0
installed,1,0.02,0.0
base,1,0.02,0.0
hardware,7,0.12,0.0
devices,2,0.04,0.0
prices,4,0.07,0.0
provide,6,0.11,0.0
even,1,0.02,0.0
minority,2,0.04,0.0
software,17,0.3,0.0
infringe,2,0.04,0.0
related,5,0.09,0.0
trademarks,2,0.04,0.0
copyrights,2,0.04,0.0
develop,7,0.12,0.0
registered,1,0.02,0.0
applied,2,0.04,0.0
register,1,0.02,0.0
additional,7,0.12,0.0
contrast,1,0.02,0.0
seek,5,0.09,0.0
pricing,8,0.14,0.0
cost,13,0.23,0.0
structures,3,0.05,0.0
imitating,1,0.02,0.0
competes,6,0.11,0.0
infringing,2,0.04,0.0
property,14,0.25,0.0
expected,5,0.09,0.0
protection,4,0.07,0.0
consistently,1,0.02,0.0
available,6,0.11,0.0
achieve,3,0.05,0.0
every,1,0.02,0.0
country,1,0.02,0.0
operates,1,0.02,0.0
continue,10,0.18,0.0
sell,2,0.04,0.0
there,18,0.32,0.0
investments,4,0.07,0.0
returns,2,0.04,0.0
experienced,6,0.11,0.0
holds,1,0.02,0.0
bases,1,0.02,0.0
nature,1,0.02,0.0
volatile,2,0.04,0.0
transitions,2,0.04,0.0
introductions,6,0.11,0.0
work,1,0.02,0.0
collaboratively,1,0.02,0.0
manage,9,0.16,0.0
integrated,1,0.02,0.0
face,2,0.04,0.0
customer,10,0.18,0.0
remain,1,0.02,0.0
design,5,0.09,0.0
functional,1,0.02,0.0
nearly,1,0.02,0.0
entire,1,0.02,0.0
continually,2,0.04,0.0
models,1,0.02,0.0
users,4,0.07,0.0
means,1,0.02,0.0
develops,1,0.02,0.0
providing,2,0.04,0.0
seamlessly,1,0.02,0.0
illegitimate,1,0.02,0.0
overall,1,0.02,0.0
marketplace,1,0.02,0.0
additionally,4,0.07,0.0
designs,1,0.02,0.0
imitate,2,0.04,0.0
enhance,2,0.04,0.0
features,1,0.02,0.0
technologies,6,0.11,0.0
collaborate,1,0.02,0.0
contracted,1,0.02,0.0
approach,1,0.02,0.0
introduce,1,0.02,0.0
industries,4,0.07,0.0
expects,4,0.07,0.0
intensify,1,0.02,0.0
prevent,2,0.04,0.026
matters,3,0.05,0.026
freeze,1,0.02,0.052
challenges,2,0.04,0.077
intense,6,0.11,0.077
number,10,0.18,0.077
legal,19,0.33,0.128
commitments,4,0.07,0.128
vigorously,1,0.02,0.128
resolved,3,0.05,0.178
solutions,5,0.09,0.178
assets,9,0.16,0.178
extend,1,0.02,0.178
competitive,10,0.18,0.178
significant,37,0.65,0.202
substantial,8,0.14,0.202
compelling,1,0.02,0.226
stimulate,3,0.05,0.226
guarantee,2,0.04,0.25
advantage,4,0.07,0.25
dynamics,2,0.04,0.273
ensuring,1,0.02,0.273
increased,6,0.11,0.273
create,4,0.07,0.273
agreements,11,0.19,0.273
certain,18,0.32,0.273
well,6,0.11,0.273
profitability,2,0.04,0.273
creates,1,0.02,0.273
shares,1,0.02,0.296
share,7,0.12,0.296
securities,2,0.04,0.296
acceptable,3,0.05,0.318
fair,2,0.04,0.318
responsible,1,0.02,0.318
increase,8,0.14,0.318
solution,1,0.02,0.318
ability,23,0.41,0.318
assurance,16,0.28,0.34
value,11,0.19,0.34
secure,3,0.05,0.34
flexibility,2,0.04,0.34
devote,1,0.02,0.34
nurture,2,0.04,0.34
security,13,0.23,0.34
natural,6,0.11,0.361
asset,2,0.04,0.361
attract,1,0.02,0.361
greater,3,0.05,0.361
advantages,1,0.02,0.361
commitment,1,0.02,0.382
benefits,3,0.05,0.382
growth,6,0.11,0.382
credit,10,0.18,0.382
ensure,2,0.04,0.382
assuring,1,0.02,0.382
resolve,1,0.02,0.382
focused,1,0.02,0.382
protect,2,0.04,0.382
integrity,1,0.02,0.382
devotes,1,0.02,0.382
determination,1,0.02,0.402
holiday,1,0.02,0.402
active,1,0.02,0.402
party,23,0.41,0.402
parties,8,0.14,0.402
values,3,0.05,0.402
help,2,0.04,0.402
support,2,0.04,0.402
talent,2,0.04,0.421
improving,1,0.02,0.421
merit,1,0.02,0.421
safety,2,0.04,0.421
profits,1,0.02,0.44
safe,1,0.02,0.44
improve,1,0.02,0.44
attractive,1,0.02,0.44
beneficial,1,0.02,0.44
profit,2,0.04,0.44
effectively,9,0.16,0.44
innovative,3,0.05,0.44
improvement,1,0.02,0.459
talents,3,0.05,0.459
benefit,1,0.02,0.459
acceptance,3,0.05,0.459
interest,2,0.04,0.459
satisfy,1,0.02,0.459
improved,1,0.02,0.477
respect,1,0.02,0.477
relief,1,0.02,0.477
intelligence,1,0.02,0.477
effective,7,0.12,0.477
strengthening,3,0.05,0.494
successfully,5,0.09,0.494
intellectual,12,0.21,0.511
confidence,4,0.07,0.511
free,1,0.02,0.511
gain,2,0.04,0.527
sophisticated,1,0.02,0.557
success,5,0.09,0.572
successful,2,0.04,0.586
outstanding,1,0.02,0.612
