word,count,percentage,sentiment
terrorist,1,0.02,-0.691
terrorism,3,0.05,-0.681
disaster,1,0.02,-0.625
war,1,0.02,-0.599
negative,3,0.05,-0.572
disasters,6,0.1,-0.557
suffer,2,0.03,-0.542
fail,2,0.03,-0.542
harm,5,0.09,-0.542
violations,2,0.03,-0.527
violated,1,0.02,-0.527
worsen,1,0.02,-0.511
failure,11,0.19,-0.511
failing,1,0.02,-0.511
damage,2,0.03,-0.494
violate,1,0.02,-0.494
violation,3,0.05,-0.494
accident,1,0.02,-0.477
infringement,3,0.05,-0.477
gross,6,0.1,-0.477
poor,3,0.05,-0.477
failures,6,0.1,-0.459
exploited,1,0.02,-0.459
banned,1,0.02,-0.459
unemployment,1,0.02,-0.44
damages,3,0.05,-0.44
attacks,10,0.17,-0.44
fails,4,0.07,-0.421
injury,1,0.02,-0.421
waste,1,0.02,-0.421
recession,1,0.02,-0.421
weaken,1,0.02,-0.421
tensions,6,0.1,-0.402
error,2,0.03,-0.402
losses,11,0.19,-0.402
problems,2,0.03,-0.402
defects,7,0.12,-0.402
inability,1,0.02,-0.402
lose,2,0.03,-0.402
interruptions,3,0.05,-0.402
inadequate,2,0.03,-0.402
distraction,1,0.02,-0.382
dissatisfied,1,0.02,-0.382
unsecured,1,0.02,-0.382
restrict,1,0.02,-0.382
conflicts,1,0.02,-0.382
severe,2,0.03,-0.382
hostile,1,0.02,-0.382
disagree,1,0.02,-0.382
adverse,19,0.33,-0.361
interruption,3,0.05,-0.361
difficult,2,0.03,-0.361
debt,1,0.02,-0.361
suspicious,1,0.02,-0.361
disruption,1,0.02,-0.361
uncertainty,4,0.07,-0.34
fire,1,0.02,-0.34
defect,2,0.03,-0.34
errors,2,0.03,-0.34
disruptions,10,0.17,-0.34
uncertainties,5,0.09,-0.34
critical,3,0.05,-0.318
weakening,1,0.02,-0.318
pressures,3,0.05,-0.318
aggressively,1,0.02,-0.318
anti,1,0.02,-0.318
loss,6,0.1,-0.318
accidents,6,0.1,-0.318
conflict,5,0.09,-0.318
disruptive,2,0.03,-0.318
delay,3,0.05,-0.318
faulty,1,0.02,-0.318
lost,2,0.03,-0.318
pressure,2,0.03,-0.296
stop,1,0.02,-0.296
uncertain,2,0.03,-0.296
avoid,2,0.03,-0.296
lower,7,0.12,-0.296
obsolete,1,0.02,-0.296
cut,1,0.02,-0.273
risks,27,0.47,-0.273
charges,1,0.02,-0.273
low,1,0.02,-0.273
exposing,1,0.02,-0.273
disputes,6,0.1,-0.273
limited,4,0.07,-0.226
vulnerable,1,0.02,-0.226
delayed,3,0.05,-0.226
liability,4,0.07,-0.202
liabilities,6,0.1,-0.202
risky,1,0.02,-0.202
adversely,53,0.92,-0.202
litigation,14,0.24,-0.202
shortages,5,0.09,-0.153
vulnerabilities,1,0.02,-0.153
lawsuits,1,0.02,-0.153
aggressive,2,0.03,-0.153
expose,2,0.03,-0.153
affected,21,0.36,-0.153
exposes,2,0.03,-0.128
demand,21,0.36,-0.128
ineffective,1,0.02,-0.128
lowered,1,0.02,-0.128
imposing,2,0.03,-0.103
constrained,1,0.02,-0.103
challenged,2,0.03,-0.103
costly,1,0.02,-0.103
serious,1,0.02,-0.077
exposed,8,0.14,-0.077
preventing,2,0.03,-0.026
ins,1,0.02,0.0
recoverable,2,0.03,0.0
equal,1,0.02,0.0
continuity,2,0.03,0.0
caused,1,0.02,0.0
telecommunications,2,0.03,0.0
dependent,1,0.02,0.0
redundancy,1,0.02,0.0
determines,1,0.02,0.0
viruses,1,0.02,0.0
upgrades,1,0.02,0.0
physical,1,0.02,0.0
electronic,2,0.03,0.0
break,1,0.02,0.0
occurred,1,0.02,0.0
incidents,3,0.05,0.0
obtained,4,0.07,0.0
cause,3,0.05,0.0
sized,2,0.03,0.0
education,2,0.03,0.0
unpredictable,1,0.02,0.0
given,3,0.05,0.0
enterprise,2,0.03,0.0
government,12,0.21,0.0
retail,8,0.14,0.0
impairments,1,0.02,0.0
online,2,0.03,0.0
stores,4,0.07,0.0
force,1,0.02,0.0
financing,2,0.03,0.0
installment,1,0.02,0.0
plans,1,0.02,0.0
subsidies,1,0.02,0.0
invest,2,0.03,0.0
programs,3,0.05,0.0
distributing,1,0.02,0.0
incremental,1,0.02,0.0
amount,2,0.03,0.0
carrying,1,0.02,0.0
incur,5,0.09,0.0
return,2,0.03,0.0
ordering,1,0.02,0.0
investment,6,0.1,0.0
fees,3,0.05,0.0
placement,1,0.02,0.0
contractors,2,0.03,0.0
selected,1,0.02,0.0
staffing,1,0.02,0.0
reseller,1,0.02,0.0
displays,1,0.02,0.0
indicate,1,0.02,0.0
eventualities,2,0.03,0.0
circumstances,3,0.05,0.0
judgments,1,0.02,0.0
against,11,0.19,0.0
globally,1,0.02,0.0
accelerating,1,0.02,0.0
excess,3,0.05,0.0
frequency,1,0.02,0.0
sophistication,1,0.02,0.0
orders,3,0.05,0.0
actors,1,0.02,0.0
techniques,1,0.02,0.0
circumvent,1,0.02,0.0
reserves,1,0.02,0.0
detection,1,0.02,0.0
remove,1,0.02,0.0
obfuscate,1,0.02,0.0
forensic,1,0.02,0.0
evidence,1,0.02,0.0
fee,3,0.05,0.0
hacking,1,0.02,0.0
authentication,2,0.03,0.0
sensitive,3,0.05,0.0
processes,2,0.03,0.0
manages,1,0.02,0.0
penalties,5,0.09,0.0
owns,1,0.02,0.0
targeted,1,0.02,0.0
perpetrated,1,0.02,0.0
during,2,0.03,0.0
recover,1,0.02,0.0
investigate,1,0.02,0.0
hinders,1,0.02,0.0
profile,1,0.02,0.0
reviews,1,0.02,0.0
investigations,15,0.26,0.0
impair,1,0.02,0.0
reputational,3,0.05,0.0
confidential,9,0.16,0.0
releases,3,0.05,0.0
unauthorized,7,0.12,0.0
shipping,1,0.02,0.0
impeding,1,0.02,0.0
encryption,2,0.03,0.0
transactions,3,0.05,0.0
impairment,3,0.05,0.0
things,3,0.05,0.0
among,5,0.09,0.0
mid,2,0.03,0.0
whenever,1,0.02,0.0
planning,1,0.02,0.0
interfering,1,0.02,0.0
vendors,3,0.05,0.0
cannot,2,0.03,0.0
malicious,4,0.07,0.0
lived,1,0.02,0.0
normal,1,0.02,0.0
confidentiality,1,0.02,0.0
compromise,1,0.02,0.0
basis,2,0.03,0.0
capital,3,0.05,0.0
absolute,1,0.02,0.0
regular,1,0.02,0.0
always,1,0.02,0.0
behalf,1,0.02,0.0
accessible,1,0.02,0.0
steps,1,0.02,0.0
takes,1,0.02,0.0
disrupt,3,0.05,0.0
attempts,1,0.02,0.0
directly,2,0.03,0.0
wholesalers,3,0.05,0.0
sells,2,0.03,0.0
vast,1,0.02,0.0
store,11,0.19,0.0
app,9,0.16,0.0
extensive,1,0.02,0.0
distributes,3,0.05,0.0
patent,4,0.07,0.0
generate,1,0.02,0.0
operate,1,0.02,0.0
keep,2,0.03,0.0
systems,11,0.19,0.0
issuance,1,0.02,0.0
competing,2,0.03,0.0
efforts,3,0.05,0.0
focus,1,0.02,0.0
rate,5,0.09,0.0
licenses,3,0.05,0.0
applicable,3,0.05,0.0
requires,4,0.07,0.0
access,12,0.21,0.0
purchasing,2,0.03,0.0
regarding,5,0.09,0.0
ipados,8,0.14,0.0
ios,8,0.14,0.0
storefront,2,0.03,0.0
designed,4,0.07,0.0
apps,8,0.14,0.0
owned,1,0.02,0.0
communicate,2,0.03,0.0
implemented,6,0.1,0.0
taking,1,0.02,0.0
initiated,1,0.02,0.0
commission,6,0.1,0.0
retains,2,0.03,0.0
upgrade,1,0.02,0.0
inclined,2,0.03,0.0
unknowingly,1,0.02,0.0
rights,5,0.09,0.0
relative,4,0.07,0.0
perception,1,0.02,0.0
buy,1,0.02,0.0
choose,2,0.03,0.0
notified,1,0.02,0.0
maintained,1,0.02,0.0
based,3,0.05,0.0
developed,1,0.02,0.0
cease,1,0.02,0.0
decisions,1,0.02,0.0
otherwise,6,0.1,0.0
selling,1,0.02,0.0
preclude,1,0.02,0.0
modify,2,0.03,0.0
right,3,0.05,0.0
developing,4,0.07,0.0
mechanisms,2,0.03,0.0
maintaining,1,0.02,0.0
compared,2,0.03,0.0
less,1,0.02,0.0
generated,1,0.02,0.0
revenue,5,0.09,0.0
position,1,0.02,0.0
gaming,1,0.02,0.0
xbox,1,0.02,0.0
nintendo,1,0.02,0.0
playstation,1,0.02,0.0
computers,1,0.02,0.0
windows,1,0.02,0.0
tablets,2,0.03,0.0
smartphones,3,0.05,0.0
android,1,0.02,0.0
others,2,0.03,0.0
platforms,5,0.09,0.0
upgrading,2,0.03,0.0
safari,2,0.03,0.0
european,2,0.03,0.0
union,1,0.02,0.0
inclusive,2,0.03,0.0
distinctive,2,0.03,0.0
personnel,4,0.07,0.0
key,3,0.05,0.0
skilled,3,0.05,0.0
obligations,7,0.12,0.0
members,2,0.03,0.0
team,3,0.05,0.0
largely,1,0.02,0.0
manner,2,0.03,0.0
appeal,1,0.02,0.0
subscribers,1,0.02,0.0
increasing,5,0.09,0.0
forecasted,1,0.02,0.0
produces,1,0.02,0.0
culture,4,0.07,0.0
rules,5,0.09,0.0
chief,1,0.02,0.0
officer,1,0.02,0.0
resellers,8,0.14,0.0
retailers,3,0.05,0.0
practice,1,0.02,0.0
pace,2,0.03,0.0
retain,2,0.03,0.0
obsolescence,1,0.02,0.0
recruit,1,0.02,0.0
builds,1,0.02,0.0
announcements,1,0.02,0.0
driver,1,0.02,0.0
constantly,1,0.02,0.0
workforce,2,0.03,0.0
valley,1,0.02,0.0
silicon,1,0.02,0.0
especially,1,0.02,0.0
executive,2,0.03,0.0
resells,1,0.02,0.0
usage,1,0.02,0.0
owners,1,0.02,0.0
days,1,0.02,0.0
tools,3,0.05,0.0
processing,2,0.03,0.0
payment,9,0.16,0.0
forecast,1,0.02,0.0
incorrectly,2,0.03,0.0
methods,2,0.03,0.0
order,1,0.02,0.0
amounts,4,0.07,0.0
fully,4,0.07,0.0
firm,1,0.02,0.0
dma,5,0.09,0.0
act,1,0.02,0.0
comply,6,0.1,0.0
seeks,2,0.03,0.0
typically,1,0.02,0.0
malfeasance,1,0.02,0.0
programming,1,0.02,0.0
apis,2,0.03,0.0
license,3,0.05,0.0
renewal,1,0.02,0.0
continuation,1,0.02,0.0
relatively,2,0.03,0.0
licensing,2,0.03,0.0
specific,3,0.05,0.0
incorporate,1,0.02,0.0
subscriptions,1,0.02,0.0
includes,1,0.02,0.0
contracts,2,0.03,0.0
appeals,1,0.02,0.0
eliminated,1,0.02,0.0
scope,1,0.02,0.0
narrowed,1,0.02,0.0
reductions,1,0.02,0.0
interfaces,1,0.02,0.0
limit,6,0.1,0.0
acquisition,1,0.02,0.0
irregularities,1,0.02,0.0
geographic,2,0.03,0.0
vary,2,0.03,0.0
fluctuate,2,0.03,0.0
quarterly,2,0.03,0.0
cards,1,0.02,0.0
follow,2,0.03,0.0
compromised,1,0.02,0.0
potentially,2,0.03,0.0
cardholder,1,0.02,0.0
card,5,0.09,0.0
investigatory,2,0.03,0.0
liable,2,0.03,0.0
healthcare,1,0.02,0.0
law,1,0.02,0.0
permitted,1,0.02,0.0
segments,1,0.02,0.0
compressed,1,0.02,0.0
acquiring,1,0.02,0.0
delivering,1,0.02,0.0
movements,2,0.03,0.0
primary,1,0.02,0.0
currencies,5,0.09,0.0
local,1,0.02,0.0
dollar,7,0.12,0.0
developments,1,0.02,0.0
unexpected,1,0.02,0.0
handled,1,0.02,0.0
generates,1,0.02,0.0
year,1,0.02,0.0
quarters,1,0.02,0.0
quarter,1,0.02,0.0
historically,1,0.02,0.0
extent,1,0.02,0.0
mix,3,0.05,0.0
shifts,1,0.02,0.0
seasonal,1,0.02,0.0
adequately,1,0.02,0.0
authorities,2,0.03,0.0
notification,1,0.02,0.0
transfer,2,0.03,0.0
retention,3,0.05,0.0
collection,2,0.03,0.0
connection,1,0.02,0.0
search,1,0.02,0.0
llc,1,0.02,0.0
google,1,0.02,0.0
cases,1,0.02,0.0
earns,2,0.03,0.0
monopolization,2,0.03,0.0
alleging,1,0.02,0.0
aggregate,2,0.03,0.0
individually,2,0.03,0.0
world,1,0.02,0.0
poses,1,0.02,0.0
noncompliance,2,0.03,0.0
attempted,1,0.02,0.0
relates,1,0.02,0.0
transfers,1,0.02,0.0
passed,1,0.02,0.0
breach,1,0.02,0.0
biometric,1,0.02,0.0
audit,2,0.03,0.0
entities,1,0.02,0.0
governmental,3,0.05,0.0
inquiries,1,0.02,0.0
notices,1,0.02,0.0
subsidiaries,2,0.03,0.0
disclosure,1,0.02,0.0
emerging,1,0.02,0.0
complying,1,0.02,0.0
jurisdiction,2,0.03,0.0
inconsistent,1,0.02,0.0
pending,1,0.02,0.0
considering,1,0.02,0.0
area,1,0.02,0.0
causes,1,0.02,0.0
denominated,5,0.09,0.0
affects,1,0.02,0.0
earnings,3,0.05,0.0
owed,1,0.02,0.0
ultimate,1,0.02,0.0
provision,1,0.02,0.0
adequacy,1,0.02,0.0
determine,1,0.02,0.0
examinations,2,0.03,0.0
likelihood,1,0.02,0.0
previously,1,0.02,0.0
assesses,1,0.02,0.0
bodies,1,0.02,0.0
internal,1,0.02,0.0
examination,1,0.02,0.0
interpretations,1,0.02,0.0
judgment,1,0.02,0.0
interpretation,1,0.02,0.0
deferred,1,0.02,0.0
regularly,1,0.02,0.0
valuation,1,0.02,0.0
accrued,1,0.02,0.0
ways,1,0.02,0.0
acquire,1,0.02,0.0
obligate,1,0.02,0.0
directors,1,0.02,0.0
board,2,0.03,0.0
declaration,1,0.02,0.0
dividends,2,0.03,0.0
consummated,1,0.02,0.0
volume,1,0.02,0.0
program,2,0.03,0.0
grow,1,0.02,0.0
dividend,1,0.02,0.0
reflect,2,0.03,0.0
point,1,0.02,0.0
repurchases,2,0.03,0.0
average,1,0.02,0.0
unrelated,1,0.02,0.0
repurchase,2,0.03,0.0
provides,1,0.02,0.0
statutory,1,0.02,0.0
minimum,1,0.02,0.0
marketable,2,0.03,0.0
equivalents,2,0.03,0.0
sovereign,1,0.02,0.0
deterioration,1,0.02,0.0
portfolio,1,0.02,0.0
hedges,1,0.02,0.0
activities,1,0.02,0.0
realized,1,0.02,0.0
hedging,1,0.02,0.0
hedge,1,0.02,0.0
option,1,0.02,0.0
conversely,1,0.02,0.0
offset,2,0.03,0.0
reducing,1,0.02,0.0
raise,2,0.03,0.0
leads,1,0.02,0.0
exposures,1,0.02,0.0
differing,2,0.03,0.0
receivable,1,0.02,0.0
heightened,1,0.02,0.0
modernizing,1,0.02,0.0
proposals,1,0.02,0.0
organisation,1,0.02,0.0
organized,1,0.02,0.0
singapore,1,0.02,0.0
ireland,1,0.02,0.0
taxes,6,0.1,0.0
vendor,4,0.07,0.0
legislation,1,0.02,0.0
individual,1,0.02,0.0
september,1,0.02,0.0
assemble,1,0.02,0.0
subassemblies,1,0.02,0.0
bank,1,0.02,0.0
collateral,1,0.02,0.0
covered,1,0.02,0.0
monitor,1,0.02,0.0
password,1,0.02,0.0
litigants,1,0.02,0.0
feedback,1,0.02,0.0
frameworks,1,0.02,0.0
enabled,1,0.02,0.0
relating,9,0.16,0.0
continues,2,0.03,0.0
faced,1,0.02,0.0
magnitude,1,0.02,0.0
alleged,1,0.02,0.0
involving,1,0.02,0.0
indemnified,2,0.03,0.0
claim,2,0.03,0.0
indemnification,1,0.02,0.0
sometimes,1,0.02,0.0
course,1,0.02,0.0
ordinary,1,0.02,0.0
arisen,1,0.02,0.0
holding,1,0.02,0.0
assert,1,0.02,0.0
royalties,1,0.02,0.0
enter,2,0.03,0.0
outcome,4,0.07,0.0
practices,5,0.09,0.0
settle,1,0.02,0.0
considerations,5,0.09,0.0
recognition,1,0.02,0.0
responding,2,0.03,0.0
regardless,1,0.02,0.0
proceedings,9,0.16,0.0
injunctive,2,0.03,0.0
plaintiffs,1,0.02,0.0
internationally,1,0.02,0.0
jurisdictions,8,0.14,0.0
several,2,0.03,0.0
courts,1,0.02,0.0
defending,2,0.03,0.0
allegations,1,0.02,0.0
broad,1,0.02,0.0
unfavorable,2,0.03,0.0
compliance,6,0.1,0.0
leases,1,0.02,0.0
address,2,0.03,0.0
impede,1,0.02,0.0
accounts,2,0.03,0.0
activity,2,0.03,0.0
unusual,1,0.02,0.0
monitors,1,0.02,0.0
multifactor,1,0.02,0.0
aspects,1,0.02,0.0
makes,3,0.05,0.0
used,1,0.02,0.0
turn,1,0.02,0.0
passwords,1,0.02,0.0
usernames,1,0.02,0.0
disclosing,1,0.02,0.0
induce,1,0.02,0.0
fraudulently,1,0.02,0.0
deploys,1,0.02,0.0
reporting,3,0.05,0.0
strategies,2,0.03,0.0
ongoing,2,0.03,0.0
construction,1,0.02,0.0
general,2,0.03,0.0
pose,1,0.02,0.0
inherently,2,0.03,0.0
ventures,1,0.02,0.0
realize,1,0.02,0.0
transaction,3,0.05,0.0
acquisitions,2,0.03,0.0
completing,1,0.02,0.0
approvals,1,0.02,0.0
necessary,2,0.03,0.0
tangible,1,0.02,0.0
endeavors,1,0.02,0.0
contemplated,1,0.02,0.0
originally,1,0.02,0.0
present,1,0.02,0.0
onerous,2,0.03,0.0
period,3,0.05,0.0
disgorgement,1,0.02,0.0
remedial,1,0.02,0.0
diversity,1,0.02,0.0
civil,2,0.03,0.0
human,1,0.02,0.0
emissions,1,0.02,0.0
gas,1,0.02,0.0
greenhouse,1,0.02,0.0
increasingly,1,0.02,0.0
equity,1,0.02,0.0
stakeholders,2,0.03,0.0
governance,5,0.09,0.0
social,5,0.09,0.0
importation,1,0.02,0.0
prohibited,1,0.02,0.0
place,2,0.03,0.0
found,1,0.02,0.0
agents,1,0.02,0.0
regulators,1,0.02,0.0
procedures,6,0.1,0.0
inclusion,1,0.02,0.0
initiatives,5,0.09,0.0
plan,2,0.03,0.0
taken,1,0.02,0.0
regulation,1,0.02,0.0
scrutiny,1,0.02,0.0
instances,1,0.02,0.0
stakeholder,1,0.02,0.0
varied,1,0.02,0.0
goals,5,0.09,0.0
state,3,0.05,0.0
perceived,1,0.02,0.0
involves,1,0.02,0.0
implementation,1,0.02,0.0
press,2,0.03,0.0
website,2,0.03,0.0
reports,1,0.02,0.0
non,7,0.12,0.0
federal,3,0.05,0.0
private,1,0.02,0.0
policies,5,0.09,0.0
interpreted,1,0.02,0.0
learning,2,0.03,0.0
machine,2,0.03,0.0
ownership,2,0.03,0.0
commerce,1,0.02,0.0
billing,1,0.02,0.0
advertising,1,0.02,0.0
localization,1,0.02,0.0
internet,1,0.02,0.0
privacy,7,0.12,0.0
subjects,1,0.02,0.0
worldwide,2,0.03,0.0
regulations,14,0.24,0.0
laws,24,0.42,0.0
sale,1,0.02,0.0
import,3,0.05,0.0
corporate,1,0.02,0.0
antitrust,4,0.07,0.0
navigate,1,0.02,0.0
mobile,1,0.02,0.0
media,2,0.03,0.0
requiring,1,0.02,0.0
impacting,1,0.02,0.0
feature,1,0.02,0.0
recycling,1,0.02,0.0
tax,17,0.3,0.0
laundering,1,0.02,0.0
money,1,0.02,0.0
communications,2,0.03,0.0
repatriation,1,0.02,0.0
exchange,6,0.1,0.0
foreign,18,0.31,0.0
export,2,0.03,0.0
anticorruption,1,0.02,0.0
employment,1,0.02,0.0
film,1,0.02,0.0
television,1,0.02,0.0
cash,6,0.1,0.0
accrues,1,0.02,0.0
company,408,7.08,0.0
exceeds,2,0.03,0.0
extreme,2,0.03,0.0
types,6,0.1,0.0
resulting,5,0.09,0.0
change,12,0.21,0.0
climate,3,0.05,0.0
earthquakes,1,0.02,0.0
prone,1,0.02,0.0
locations,4,0.07,0.0
many,13,0.23,0.0
escalate,2,0.03,0.0
further,10,0.17,0.0
led,1,0.02,0.0
governments,3,0.05,0.0
example,12,0.21,0.0
mitigate,4,0.07,0.0
weather,1,0.02,0.0
occurring,1,0.02,0.0
frequently,3,0.05,0.0
effects,4,0.07,0.0
deliver,2,0.03,0.0
manufacture,5,0.09,0.0
impossible,2,0.03,0.0
make,11,0.19,0.0
concentrated,3,0.05,0.0
highly,7,0.12,0.0
chains,1,0.02,0.0
able,7,0.12,0.0
control,4,0.07,0.0
cybersecurity,2,0.03,0.0
ransomware,4,0.07,0.0
acts,2,0.03,0.0
plant,2,0.03,0.0
nuclear,1,0.02,0.0
power,3,0.05,0.0
subject,39,0.68,0.0
labor,3,0.05,0.0
delays,3,0.05,0.0
notice,2,0.03,0.0
little,4,0.07,0.0
cost,13,0.23,0.0
revenues,2,0.03,0.0
portion,4,0.07,0.0
derives,1,0.02,0.0
regions,3,0.05,0.0
countries,5,0.09,0.0
apply,2,0.03,0.0
measures,11,0.19,0.0
restrictive,3,0.05,0.0
particularly,2,0.03,0.0
technology,15,0.26,0.0
goods,4,0.07,0.0
exports,1,0.02,0.0
imports,1,0.02,0.0
controls,3,0.05,0.0
components,26,0.45,0.0
raw,1,0.02,0.0
materials,1,0.02,0.0
into,9,0.16,0.0
announced,4,0.07,0.0
consuming,2,0.03,0.0
expensive,3,0.05,0.0
changed,1,0.02,0.0
accordance,1,0.02,0.0
applications,20,0.35,0.0
distribute,3,0.05,0.0
advance,4,0.07,0.0
offer,13,0.23,0.0
relationships,6,0.1,0.0
restructuring,1,0.02,0.0
changing,10,0.17,0.0
actions,10,0.17,0.0
various,8,0.14,0.0
take,4,0.07,0.0
require,12,0.21,0.0
ceasing,1,0.02,0.0
tariffs,2,0.03,0.0
inefficiencies,1,0.02,0.0
outages,2,0.03,0.0
offered,2,0.03,0.0
compete,5,0.09,0.0
unable,5,0.09,0.0
technological,4,0.07,0.0
rapid,6,0.1,0.0
markets,13,0.23,0.0
arise,5,0.09,0.0
cover,4,0.07,0.0
insufficient,4,0.07,0.0
coverage,7,0.12,0.0
insurance,7,0.12,0.0
maintains,3,0.05,0.0
consequences,2,0.03,0.0
exacerbate,1,0.02,0.0
sources,4,0.07,0.0
characterized,1,0.02,0.0
realizable,1,0.02,0.0
downward,2,0.03,0.0
margins,11,0.19,0.0
depends,9,0.16,0.0
businesses,5,0.09,0.0
consumers,4,0.07,0.0
sensitivity,1,0.02,0.0
competitors,11,0.19,0.0
advancements,1,0.02,0.0
adoption,2,0.03,0.0
single,5,0.09,0.0
characteristics,1,0.02,0.0
standards,5,0.09,0.0
evolving,3,0.05,0.0
cycles,2,0.03,0.0
product,34,0.59,0.0
short,2,0.03,0.0
introduction,6,0.1,0.0
frequent,2,0.03,0.0
continual,1,0.02,0.0
slowdowns,2,0.03,0.0
relies,6,0.1,0.0
expenditures,1,0.02,0.0
covid,1,0.02,0.0
pandemics,1,0.02,0.0
major,2,0.03,0.0
life,3,0.05,0.0
injuries,1,0.02,0.0
occur,6,0.1,0.0
environments,1,0.02,0.0
working,2,0.03,0.0
maintain,4,0.07,0.0
required,6,0.1,0.0
areas,1,0.02,0.0
negatively,4,0.07,0.0
costs,15,0.26,0.0
offerings,6,0.1,0.0
service,15,0.26,0.0
pandemic,1,0.02,0.0
due,6,0.1,0.0
economy,1,0.02,0.0
imposition,2,0.03,0.0
experience,9,0.16,0.0
recovery,2,0.03,0.0
development,4,0.07,0.0
ramps,1,0.02,0.0
production,4,0.07,0.0
existing,6,0.1,0.0
offering,1,0.02,0.0
resume,1,0.02,0.0
current,5,0.09,0.0
distribution,7,0.12,0.0
movement,1,0.02,0.0
freight,1,0.02,0.0
travel,1,0.02,0.0
employee,3,0.05,0.0
stringent,1,0.02,0.0
protective,1,0.02,0.0
channels,2,0.03,0.0
restrictions,7,0.12,0.0
vietnam,2,0.03,0.0
taiwan,2,0.03,0.0
international,18,0.31,0.0
affect,35,0.61,0.0
conditions,15,0.26,0.0
economic,12,0.21,0.0
regional,3,0.05,0.0
global,18,0.31,0.0
significantly,8,0.14,0.0
depend,5,0.09,0.0
industry,13,0.23,0.0
macroeconomic,4,0.07,0.0
form,1,0.02,0.0
data,21,0.36,0.0
supplementary,1,0.02,0.0
accompanying,1,0.02,0.0
consolidated,1,0.02,0.0
sales,29,0.5,0.0
outside,6,0.1,0.0
representing,2,0.03,0.0
majority,5,0.09,0.0
high,4,0.07,0.0
slow,1,0.02,0.0
result,23,0.4,0.0
located,7,0.12,0.0
sites,1,0.02,0.0
assembly,2,0.03,0.0
manufacturing,17,0.3,0.0
analysis,3,0.05,0.0
facilities,4,0.07,0.0
complex,6,0.1,0.0
large,3,0.05,0.0
chain,9,0.16,0.0
supply,28,0.49,0.0
addition,20,0.35,0.0
net,8,0.14,0.0
total,2,0.03,0.0
supplier,5,0.09,0.0
inflation,2,0.03,0.0
management,7,0.12,0.0
read,1,0.02,0.0
materialize,1,0.02,0.0
below,1,0.02,0.0
described,1,0.02,0.0
including,44,0.76,0.0
unknown,1,0.02,0.0
known,1,0.02,0.0
currently,10,0.17,0.0
price,19,0.33,0.0
stock,15,0.26,0.0
condition,37,0.64,0.0
financial,59,1.02,0.0
operations,57,0.99,0.0
results,41,0.71,0.0
reputation,22,0.38,0.0
business,82,1.42,0.0
time,36,0.62,0.0
materially,41,0.71,0.0
affecting,5,0.09,0.0
past,5,0.09,0.0
statements,9,0.16,0.0
looking,1,0.02,0.0
forward,2,0.03,0.0
contains,1,0.02,0.0
discussion,2,0.03,0.0
periods,5,0.09,0.0
anticipate,1,0.02,0.0
conjunction,1,0.02,0.0
trends,2,0.03,0.0
use,13,0.23,0.0
investors,2,0.03,0.0
future,28,0.49,0.0
indicator,1,0.02,0.0
reliable,1,0.02,0.0
considered,2,0.03,0.0
performance,13,0.23,0.0
historical,1,0.02,0.0
tighter,1,0.02,0.0
higher,3,0.05,0.0
rates,10,0.17,0.0
public,8,0.14,0.0
geopolitical,5,0.09,0.0
events,7,0.12,0.0
political,7,0.12,0.0
impacted,4,0.07,0.0
impacts,4,0.07,0.0
instruments,3,0.05,0.0
liquidity,3,0.05,0.0
reduced,4,0.07,0.0
new,42,0.73,0.0
issue,1,0.02,0.0
limitations,2,0.03,0.0
institutions,2,0.03,0.0
counterparties,1,0.02,0.0
derivative,3,0.05,0.0
health,11,0.19,0.0
issues,11,0.19,0.0
industrial,5,0.09,0.0
material,5,0.09,0.0
korea,2,0.03,0.0
south,2,0.03,0.0
japan,2,0.03,0.0
india,2,0.03,0.0
mainland,2,0.03,0.0
china,3,0.05,0.0
primarily,5,0.09,0.0
receivables,8,0.14,0.0
outsourcing,10,0.17,0.0
performed,4,0.07,0.0
substantially,5,0.09,0.0
generally,8,0.14,0.0
believes,8,0.14,0.0
employees,9,0.16,0.0
customers,19,0.33,0.0
effect,3,0.05,0.0
whole,3,0.05,0.0
trade,17,0.3,0.0
collectibility,2,0.03,0.0
lead,2,0.03,0.0
income,3,0.05,0.0
declines,2,0.03,0.0
volatility,5,0.09,0.0
market,14,0.24,0.0
policy,2,0.03,0.0
monetary,2,0.03,0.0
fiscal,2,0.03,0.0
decline,3,0.05,0.0
changes,31,0.54,0.0
services,79,1.37,0.0
products,104,1.81,0.0
spending,3,0.05,0.0
consumer,6,0.1,0.0
impact,21,0.36,0.0
fluctuations,10,0.17,0.0
currency,7,0.12,0.0
response,6,0.1,0.0
heavily,1,0.02,0.0
suppliers,18,0.31,0.0
manufacturers,4,0.07,0.0
insolvency,1,0.02,0.0
finance,1,0.02,0.0
obtain,11,0.19,0.0
instability,1,0.02,0.0
include,6,0.1,0.0
outcomes,2,0.03,0.0
potential,5,0.09,0.0
contract,4,0.07,0.0
developers,12,0.21,0.0
channel,3,0.05,0.0
carriers,7,0.12,0.0
network,9,0.16,0.0
cellular,7,0.12,0.0
distributors,4,0.07,0.0
providers,5,0.09,0.0
logistics,5,0.09,0.0
partners,17,0.3,0.0
continuing,1,0.02,0.0
competition,12,0.21,0.0
component,6,0.1,0.0
reasons,3,0.05,0.0
variety,4,0.07,0.0
disrupted,2,0.03,0.0
destinations,1,0.02,0.0
transit,1,0.02,0.0
finished,2,0.03,0.0
perform,1,0.02,0.0
final,3,0.05,0.0
europe,2,0.03,0.0
asia,3,0.05,0.0
source,4,0.07,0.0
conduct,2,0.03,0.0
code,2,0.03,0.0
adhere,2,0.03,0.0
unanticipated,1,0.02,0.0
man,1,0.02,0.0
experiences,4,0.07,0.0
made,5,0.09,0.0
commercial,4,0.07,0.0
exposure,5,0.09,0.0
involve,2,0.03,0.0
considerable,1,0.02,0.0
additions,1,0.02,0.0
recoverability,1,0.02,0.0
terminated,1,0.02,0.0
continued,8,0.14,0.0
term,5,0.09,0.0
long,6,0.1,0.0
prepayments,8,0.14,0.0
held,2,0.03,0.0
equipment,3,0.05,0.0
process,3,0.05,0.0
invested,3,0.05,0.0
environmental,8,0.14,0.0
information,27,0.47,0.0
event,2,0.03,0.0
warranty,4,0.07,0.0
remains,2,0.03,0.0
produce,3,0.05,0.0
supersede,1,0.02,0.0
replace,1,0.02,0.0
deficiencies,1,0.02,0.0
quality,7,0.12,0.0
meet,5,0.09,0.0
quantities,6,0.1,0.0
appropriate,1,0.02,0.0
anticipated,7,0.12,0.0
line,1,0.02,0.0
levels,2,0.03,0.0
inventory,9,0.16,0.0
purchase,6,0.1,0.0
application,4,0.07,0.0
availability,11,0.19,0.0
timely,4,0.07,0.0
logistical,1,0.02,0.0
provided,6,0.1,0.0
concentration,1,0.02,0.0
reimbursement,1,0.02,0.0
expense,1,0.02,0.0
provisions,2,0.03,0.0
contain,1,0.02,0.0
respond,1,0.02,0.0
manufactured,1,0.02,0.0
quantity,1,0.02,0.0
regulatory,14,0.24,0.0
diminished,1,0.02,0.0
reduce,4,0.07,0.0
arrangements,9,0.16,0.0
transportation,1,0.02,0.0
much,3,0.05,0.0
outsourced,1,0.02,0.0
often,4,0.07,0.0
small,3,0.05,0.0
direct,2,0.03,0.0
operational,3,0.05,0.0
upon,1,0.02,0.0
sufficient,7,0.12,0.0
fix,1,0.02,0.0
detect,1,0.02,0.0
inaccurate,1,0.02,0.0
harmful,1,0.02,0.0
artificial,3,0.05,0.0
expectations,8,0.14,0.0
specialized,2,0.03,0.0
introduced,3,0.05,0.0
unsafe,1,0.02,0.0
purchases,3,0.05,0.0
operation,3,0.05,0.0
intended,6,0.1,0.0
interfere,1,0.02,0.0
unexpectedly,1,0.02,0.0
offers,3,0.05,0.0
widespread,1,0.02,0.0
bugs,1,0.02,0.0
compromising,1,0.02,0.0
user,1,0.02,0.0
exceed,2,0.03,0.0
become,2,0.03,0.0
inventories,1,0.02,0.0
records,2,0.03,0.0
cancellation,2,0.03,0.0
downs,2,0.03,0.0
fines,6,0.1,0.0
alternative,9,0.16,0.0
expenses,7,0.12,0.0
offs,2,0.03,0.0
write,6,0.1,0.0
modifications,1,0.02,0.0
replacements,1,0.02,0.0
recalls,1,0.02,0.0
claims,11,0.19,0.0
device,2,0.03,0.0
intangible,2,0.03,0.0
ramp,1,0.02,0.0
identify,2,0.03,0.0
completed,1,0.02,0.0
limiting,3,0.05,0.0
particular,2,0.03,0.0
consolidation,1,0.02,0.0
similar,1,0.02,0.0
renew,2,0.03,0.0
entered,2,0.03,0.0
semiconductor,1,0.02,0.0
commodity,1,0.02,0.0
wide,3,0.05,0.0
times,1,0.02,0.0
multiple,1,0.02,0.0
obtains,1,0.02,0.0
terms,14,0.24,0.0
reasonable,12,0.21,0.0
commercially,10,0.17,0.0
increases,2,0.03,0.0
utilize,2,0.03,0.0
custom,1,0.02,0.0
uses,2,0.03,0.0
shipments,2,0.03,0.0
partner,1,0.02,0.0
requirements,11,0.19,0.0
customized,1,0.02,0.0
instead,1,0.02,0.0
common,1,0.02,0.0
concentrate,1,0.02,0.0
depending,1,0.02,0.0
decide,2,0.03,0.0
matured,1,0.02,0.0
yields,1,0.02,0.0
until,1,0.02,0.0
exist,2,0.03,0.0
constraints,2,0.03,0.0
capacity,1,0.02,0.0
initial,1,0.02,0.0
capacities,1,0.02,0.0
associated,9,0.16,0.0
investor,1,0.02,0.0
companies,9,0.16,0.0
minority,2,0.03,0.0
smartphone,2,0.03,0.0
personal,11,0.19,0.0
hardware,7,0.12,0.0
computer,3,0.05,0.0
tablet,2,0.03,0.0
faces,2,0.03,0.0
technical,2,0.03,0.0
marketing,2,0.03,0.0
entire,1,0.02,0.0
resources,6,0.1,0.0
established,2,0.03,0.0
digital,11,0.19,0.0
there,17,0.3,0.0
content,20,0.35,0.0
broader,1,0.02,0.0
lines,1,0.02,0.0
priced,1,0.02,0.0
larger,2,0.03,0.0
installed,1,0.02,0.0
nearly,1,0.02,0.0
base,1,0.02,0.0
devices,2,0.03,0.0
prices,4,0.07,0.0
provide,6,0.1,0.0
even,1,0.02,0.0
competes,6,0.1,0.0
experienced,6,0.1,0.0
contracted,1,0.02,0.0
infringe,2,0.03,0.0
overall,1,0.02,0.0
operating,12,0.21,0.0
sell,2,0.03,0.0
achieve,3,0.05,0.0
related,5,0.09,0.0
expected,5,0.09,0.0
returns,2,0.03,0.0
develop,8,0.14,0.0
holds,1,0.02,0.0
patents,6,0.1,0.0
trademarks,2,0.03,0.0
copyrights,2,0.03,0.0
registered,1,0.02,0.0
applied,2,0.03,0.0
register,1,0.02,0.0
additional,10,0.17,0.0
contrast,1,0.02,0.0
seek,6,0.1,0.0
pricing,8,0.14,0.0
structures,4,0.07,0.0
imitating,1,0.02,0.0
infringing,2,0.03,0.0
software,17,0.3,0.0
property,14,0.24,0.0
numerous,4,0.07,0.0
protection,4,0.07,0.0
consistently,1,0.02,0.0
available,6,0.1,0.0
every,1,0.02,0.0
country,1,0.02,0.0
operates,1,0.02,0.0
continue,10,0.17,0.0
system,8,0.14,0.0
additionally,4,0.07,0.0
investments,4,0.07,0.0
imitate,2,0.03,0.0
integrated,1,0.02,0.0
face,2,0.03,0.0
nature,1,0.02,0.0
volatile,2,0.03,0.0
transitions,2,0.03,0.0
continually,2,0.03,0.0
manage,9,0.16,0.0
customer,10,0.17,0.0
technologies,10,0.17,0.0
remain,2,0.03,0.0
bases,1,0.02,0.0
models,1,0.02,0.0
users,6,0.1,0.0
designs,1,0.02,0.0
illegitimate,1,0.02,0.0
means,1,0.02,0.0
design,5,0.09,0.0
functional,1,0.02,0.0
marketplace,1,0.02,0.0
industries,4,0.07,0.0
introductions,6,0.1,0.0
develops,1,0.02,0.0
intensify,1,0.02,0.0
approach,1,0.02,0.0
providing,2,0.03,0.0
seamlessly,1,0.02,0.0
transition,1,0.02,0.0
collaborate,1,0.02,0.0
features,4,0.07,0.0
enhance,2,0.03,0.0
work,1,0.02,0.0
introduce,1,0.02,0.0
collaboratively,1,0.02,0.0
upgraded,2,0.03,0.0
expects,4,0.07,0.0
prevent,2,0.03,0.026
matters,3,0.05,0.026
freeze,1,0.02,0.052
intense,6,0.1,0.077
number,10,0.17,0.077
challenges,2,0.03,0.077
expands,1,0.02,0.103
vigorously,1,0.02,0.128
legal,18,0.31,0.128
commitments,3,0.05,0.128
solutions,5,0.09,0.178
extend,1,0.02,0.178
competitive,10,0.17,0.178
resolved,4,0.07,0.178
assets,9,0.16,0.178
significant,39,0.68,0.202
substantial,8,0.14,0.202
compelling,1,0.02,0.226
stimulate,3,0.05,0.226
advantage,4,0.07,0.25
guarantee,2,0.03,0.25
ensuring,1,0.02,0.273
dynamics,2,0.03,0.273
create,5,0.09,0.273
creates,1,0.02,0.273
agreements,11,0.19,0.273
certain,19,0.33,0.273
profitability,2,0.03,0.273
increased,6,0.1,0.273
well,6,0.1,0.273
share,7,0.12,0.296
shares,1,0.02,0.296
securities,2,0.03,0.296
responsible,1,0.02,0.318
increase,11,0.19,0.318
ability,21,0.36,0.318
fair,2,0.03,0.318
solution,1,0.02,0.318
acceptable,3,0.05,0.318
flexibility,2,0.03,0.34
nurture,2,0.03,0.34
security,15,0.26,0.34
devote,1,0.02,0.34
secure,3,0.05,0.34
value,11,0.19,0.34
assurance,16,0.28,0.34
greater,2,0.03,0.361
natural,6,0.1,0.361
advantages,1,0.02,0.361
asset,2,0.03,0.361
attract,1,0.02,0.361
credit,10,0.17,0.382
devotes,1,0.02,0.382
integrity,1,0.02,0.382
commitment,1,0.02,0.382
ensure,2,0.03,0.382
benefits,3,0.05,0.382
assuring,1,0.02,0.382
focused,1,0.02,0.382
resolve,1,0.02,0.382
protect,2,0.03,0.382
growth,6,0.1,0.382
active,1,0.02,0.402
determination,1,0.02,0.402
support,3,0.05,0.402
party,24,0.42,0.402
help,2,0.03,0.402
values,3,0.05,0.402
holiday,1,0.02,0.402
parties,11,0.19,0.402
improving,1,0.02,0.421
merit,1,0.02,0.421
talent,2,0.03,0.421
safety,4,0.07,0.421
innovative,3,0.05,0.44
effectively,9,0.16,0.44
attractive,1,0.02,0.44
beneficial,1,0.02,0.44
improve,1,0.02,0.44
profit,4,0.07,0.44
profits,1,0.02,0.44
safe,1,0.02,0.44
acceptance,3,0.05,0.459
satisfy,1,0.02,0.459
talents,3,0.05,0.459
engagement,1,0.02,0.459
benefit,1,0.02,0.459
interest,2,0.03,0.459
improvement,1,0.02,0.459
improved,1,0.02,0.477
relief,2,0.03,0.477
respect,1,0.02,0.477
effective,7,0.12,0.477
intelligence,3,0.05,0.477
strengthening,3,0.05,0.494
successfully,5,0.09,0.494
confidence,3,0.05,0.511
free,1,0.02,0.511
ethical,1,0.02,0.511
intellectual,12,0.21,0.511
gain,2,0.03,0.527
sophisticated,1,0.02,0.557
success,5,0.09,0.572
successful,2,0.03,0.586
outstanding,1,0.02,0.612
